insert into magazine (id, issnbroj, glavni_urednik, nacin_naplacivanja, naziv) VALUES (1, '123311', 'editor', 'Naplacivanje_citaocima', 'Bravacasa');
insert into magazine (id, issnbroj, glavni_urednik, nacin_naplacivanja, naziv) VALUES (2, '562112', 'editor', 'Naplacivanje_citaocima', 'Hello magazin');
insert into magazine (id, issnbroj, glavni_urednik, nacin_naplacivanja, naziv) VALUES (3, '766213', 'editor', 'Naplacivanje_autorima', 'Moja kosa');
insert into magazine (id, issnbroj, glavni_urednik, nacin_naplacivanja, naziv) VALUES (4, '277712', 'editor', 'Naplacivanje_citaocima', 'Lekovito bilje');
insert into magazine (id, issnbroj, glavni_urednik, nacin_naplacivanja, naziv) VALUES (5, '887232', 'editor', 'Naplacivanje_autorima', 'Politikin zabavnik');
insert into magazine (id, issnbroj, glavni_urednik, nacin_naplacivanja, naziv) VALUES (6, '882732', 'editor', 'Naplacivanje_citaocima', 'Grazia');
insert into magazine (id, issnbroj, glavni_urednik, nacin_naplacivanja, naziv) VALUES (7, '123227', 'editor', 'Naplacivanje_autorima', 'Cosmopolitan');
insert into magazine (id, issnbroj, glavni_urednik, nacin_naplacivanja, naziv) VALUES (8, '923773', 'editor', 'Naplacivanje_autorima', 'Enterijer magazin');
insert into magazine (id, issnbroj, glavni_urednik, nacin_naplacivanja, naziv) VALUES (9, '722283', 'editor', 'Naplacivanje_citaocima', 'Auto magazin');

insert into magazine_naucne_oblasti (magazine_id, naucne_oblasti) VALUES (1, 'matematika');
insert into magazine_naucne_oblasti (magazine_id, naucne_oblasti) VALUES (2, 'racunarske_i_informacione_nauke');
insert into magazine_naucne_oblasti (magazine_id, naucne_oblasti) VALUES (3, 'fizicke_nauke');
insert into magazine_naucne_oblasti (magazine_id, naucne_oblasti) VALUES (4, 'hemijske_nauke');
insert into magazine_naucne_oblasti (magazine_id, naucne_oblasti) VALUES (4, 'bioloske_nauke');
insert into magazine_naucne_oblasti (magazine_id, naucne_oblasti) VALUES (5, 'gradjevinarstvo_i_arhitektura');
insert into magazine_naucne_oblasti (magazine_id, naucne_oblasti) VALUES (6, 'medicinsko_inzenjerstvo');
insert into magazine_naucne_oblasti (magazine_id, naucne_oblasti) VALUES (7, 'matematika');
insert into magazine_naucne_oblasti (magazine_id, naucne_oblasti) VALUES (8, 'racunarske_i_informacione_nauke');
insert into magazine_naucne_oblasti (magazine_id, naucne_oblasti) VALUES (9, 'matematika');

insert into magazine_urednici (magazine_id, urednici) VALUES (1, 'editor1');
insert into magazine_urednici (magazine_id, urednici) VALUES (1, 'editor2');
insert into magazine_urednici (magazine_id, urednici) VALUES (2, 'editor3');
insert into magazine_urednici (magazine_id, urednici) VALUES (3, 'editor1');
insert into magazine_urednici (magazine_id, urednici) VALUES (4, 'editor1');
insert into magazine_urednici (magazine_id, urednici) VALUES (4, 'editor3');
insert into magazine_urednici (magazine_id, urednici) VALUES (5, 'editor2');
insert into magazine_urednici (magazine_id, urednici) VALUES (5, 'editor3');
insert into magazine_urednici (magazine_id, urednici) VALUES (6, 'editor1');
insert into magazine_urednici (magazine_id, urednici) VALUES (7, 'editor3');
insert into magazine_urednici (magazine_id, urednici) VALUES (8, 'editor2');
insert into magazine_urednici (magazine_id, urednici) VALUES (9, 'editor1');
insert into magazine_urednici (magazine_id, urednici) VALUES (9, 'editor2');


insert into magazine_recenzenti (magazine_id, recenzenti) values (1, 'recenzent');
insert into magazine_recenzenti (magazine_id, recenzenti) values (2, 'recenzent1');
insert into magazine_recenzenti (magazine_id, recenzenti) values (3, 'recenzent3');
insert into magazine_recenzenti (magazine_id, recenzenti) values (4, 'recenzent1');
insert into magazine_recenzenti (magazine_id, recenzenti) values (5, 'recenzent');
insert into magazine_recenzenti (magazine_id, recenzenti) values (6, 'recenzent');
insert into magazine_recenzenti (magazine_id, recenzenti) values (6, 'recenzent1');
insert into magazine_recenzenti (magazine_id, recenzenti) values (7, 'recenzent');
insert into magazine_recenzenti (magazine_id, recenzenti) values (7, 'recenzent1');
insert into magazine_recenzenti (magazine_id, recenzenti) values (8, 'recenzent3');
insert into magazine_recenzenti (magazine_id, recenzenti) values (9, 'recenzent3');
